Date,Close,Open,High,Low,Adj Close,Volume
6/30/2017,27.799999,26.9,27.799999,25.26,27.799999,11407039
7/3/2017,27.5,28.25,28.75,27.25,27.5,496331
7/4/2017,26.950001,27.5,27.77,26.805,26.950001,172959
7/5/2017,25.549999,26.98,27.280001,25.424999,25.549999,251146
7/6/2017,25.9,25.65,26.225,25.594999,25.9,164755
7/7/2017,26.25,25.959999,26.5,25.815001,26.25,118722
7/10/2017,26.549999,26.370001,26.889999,26.1,26.549999,133496
7/11/2017,27.200001,26.85,27.25,26.725,27.200001,183557
7/12/2017,28.200001,27.5,28.49,27.4,28.200001,70912
7/13/2017,27.6,28.4,28.4,27.6,27.6,22009
7/14/2017,28,28,28.275,27.280001,28,31735
7/17/2017,29.299999,28.275,29.799999,28.139999,29.299999,174981
7/18/2017,29,29.305,29.549999,28.280001,29,62654
7/19/2017,28.9,29.200001,29.445,28.735001,28.9,65753
7/20/2017,29.245001,28.504999,29.790001,28.504999,29.245001,76842
7/21/2017,28,29.245001,29.395,27.155001,28,31640
7/24/2017,27.799999,27.504999,28.870001,27.504999,27.799999,7105
7/25/2017,27.459999,27.799999,28.445,27.17,27.459999,35139
7/26/2017,27.389999,27.799999,28.280001,27.389999,27.389999,31012
7/27/2017,27.805,27.334999,27.805,27.334999,27.805,17805
7/28/2017,27.41,27.5,27.5,27.264999,27.41,21163
7/31/2017,27.700001,27.625,28.16,27.25,27.700001,66757
8/1/2017,27.690001,28.200001,28.200001,27.325001,27.690001,116033
8/2/2017,27.65,27.6,27.889999,27.355,27.65,23079
8/3/2017,27.549999,27.625,27.780001,27.32,27.549999,22273
8/4/2017,26.879999,27.51,27.700001,26.700001,26.879999,27885
8/7/2017,27,27.195,27.200001,26.540001,27,26709
8/8/2017,28.4,28.25,28.74,27.809999,28.4,140351
8/9/2017,28.35,28.83,29.82,28.200001,28.35,187600
8/10/2017,28,28.559999,28.625,27.950001,28,127606
8/11/2017,27.73,27.9,28.25,27.73,27.73,84579
8/14/2017,27.200001,27.83,27.969999,27.120001,27.200001,35555
8/15/2017,26.9,27.075001,27.200001,26.9,26.9,11514
8/16/2017,27.035,26.905001,27.76,26.9,27.035,10474
8/17/2017,27.459999,27.004999,27.799999,27.004999,27.459999,14316
8/18/2017,27.355,27.475,27.855,27.209999,27.355,10642
8/21/2017,27.48,27.365,27.65,27.01,27.48,10129
8/22/2017,27.84,27.48,28,27.33,27.84,21228
8/23/2017,28.965,28.120001,29.1,27.690001,28.965,15418
8/24/2017,30.200001,29.1,30.200001,28.705,30.200001,59085
8/25/2017,30.4,29.809999,30.639999,29.809999,30.4,39104
8/28/2017,30.1,30.6,30.75,29.200001,30.1,47045
8/29/2017,30.32,30.790001,30.790001,29.705,30.32,40844
8/30/2017,30.18,30.32,30.469999,30.01,30.18,10300
8/31/2017,30.1,30.49,30.49,29.799999,30.1,37518
9/1/2017,30.15,30.299999,30.299999,29.834999,30.15,16816
9/4/2017,30.120001,30.290001,30.290001,29.950001,30.120001,11032
9/5/2017,30.549999,30.120001,30.549999,30.120001,30.549999,42093
9/6/2017,30.700001,30.295,30.700001,30.295,30.700001,7506
9/7/2017,32.66,31.535,33.200001,31.209999,32.66,62110
9/8/2017,32.700001,32.845001,33.049999,32.584999,32.700001,35921
9/11/2017,33.099998,32.845001,33.150002,32.700001,33.099998,21409
9/12/2017,33.450001,33.150002,33.450001,32.799999,33.450001,29639
9/13/2017,33.755001,33.450001,33.849998,33.154999,33.755001,34220
9/14/2017,34,33.849998,34.805,33.700001,34,115476
9/15/2017,34.549999,34.165001,34.549999,33.875,34.549999,257288
9/18/2017,35.555,35,35.555,34.91,35.555,32624
9/19/2017,34.75,37,37,33.564999,34.75,85723
9/20/2017,34.25,35.299999,35.415001,33.814999,34.25,68620
9/21/2017,34.5,34.5,35.025002,33.904999,34.5,33529
9/22/2017,34,34.584999,34.849998,33.82,34,74148
9/25/2017,32.5,33.994999,33.994999,32.200001,32.5,60944
9/26/2017,33.75,32.555,33.98,32.535,33.75,66160
9/27/2017,33.700001,34,34.224998,33.150002,33.700001,27630
9/28/2017,34.040001,33.900002,34.084999,33.380001,34.040001,60067
9/29/2017,33.5,34.025002,34.095001,32.299999,33.5,123886
10/2/2017,33.595001,33.779999,34,32.290001,33.595001,38621
10/3/2017,33.595001,33.595001,33.595001,33.595001,33.595001,0
10/4/2017,33.849998,34.395,34.395,33.224998,33.849998,56610
10/5/2017,35.549999,34.264999,36.110001,34.264999,35.549999,54350
10/6/2017,35.549999,35.544998,35.764999,35.044998,35.549999,44890
10/9/2017,35.384998,35.305,35.66,35.029999,35.384998,33374
10/10/2017,35.580002,35.34,35.634998,34.869999,35.580002,20460
10/11/2017,35.744999,35.82,36.125,35.529999,35.744999,30897
10/12/2017,38.150002,35.994999,38.150002,35.799999,38.150002,79740
10/13/2017,38.255001,38.189999,38.255001,37.505001,38.255001,48475
10/16/2017,38.040001,38.395,38.395,37.34,38.040001,37446
10/17/2017,37,38.174999,38.174999,36.790001,37,28992
10/18/2017,36.650002,36.935001,36.935001,36.349998,36.650002,32549
10/19/2017,35.23,37.014999,37.014999,34.279999,35.23,112291
10/20/2017,34.584999,35.279999,35.279999,34.259998,34.584999,43286
10/23/2017,35.400002,35.075001,35.580002,34.884998,35.400002,67360
10/24/2017,36.255001,35.665001,37,35.665001,36.255001,68312
10/25/2017,36.150002,36.200001,36.580002,36.099998,36.150002,22549
10/26/2017,36.099998,36.005001,36.59,35.785,36.099998,31798
10/27/2017,35.900002,36.455002,36.485001,35.75,35.900002,30094
10/30/2017,36.634998,35.790001,37.404999,35.5,36.634998,55727
10/31/2017,36.634998,36.634998,36.634998,36.634998,36.634998,0
11/1/2017,37.599998,37.485001,38.220001,37,37.599998,40863
11/2/2017,37.875,36.994999,39.244999,36.325001,37.875,93366
11/3/2017,38.205002,37.794998,39.264999,37.615002,38.205002,38453
11/6/2017,38.805,38.419998,39.75,38.240002,38.805,47827
11/7/2017,38.02,39.099998,39.16,37.715,38.02,47377
11/8/2017,37.5,37.900002,38,36.330002,37.5,93207
11/9/2017,37,37.380001,37.799999,37,37,42489
11/10/2017,37.154999,37.099998,37.400002,36.75,37.154999,38414
11/13/2017,37.349998,37.5,37.75,37.075001,37.349998,31615
11/14/2017,37.02,37.349998,37.494999,36.799999,37.02,16592
11/15/2017,37.299999,36.830002,37.325001,36.830002,37.299999,39388
11/16/2017,38.5,37.299999,38.650002,37.299999,38.5,36958
11/17/2017,38.735001,38.645,39,38.5,38.735001,30790
11/20/2017,39.310001,39.400002,39.474998,38.66,39.310001,42355
11/21/2017,38.584999,39.189999,39.455002,38.485001,38.584999,35635
11/22/2017,39.060001,38.599998,39.5,38.049999,39.060001,61583
11/23/2017,39.215,39.494999,39.514999,38.625,39.215,44020
11/24/2017,38.119999,38.900002,39.310001,37.049999,38.119999,52407
11/27/2017,38.314999,38.950001,38.974998,37.855,38.314999,50332
11/28/2017,38.970001,38.654999,39.465,38.215,38.970001,60374
11/29/2017,37.994999,39.355,39.474998,37.799999,37.994999,71404
11/30/2017,38.900002,39.049999,39.200001,38.605,38.900002,81793
12/1/2017,39.200001,39.375,39.950001,38.650002,39.200001,93380
12/4/2017,38.735001,39.435001,39.5,38.529999,38.735001,80043
12/5/2017,37.5,38.900002,38.994999,37.115002,37.5,68167
12/6/2017,35.799999,34.5,36.34,34.23,35.799999,585340
12/7/2017,35.959999,35.994999,36.435001,35.715,35.959999,196232
12/8/2017,36.189999,36,36.48,35.700001,36.189999,127879
12/11/2017,34.924999,36.355,36.360001,34.860001,34.924999,59829
12/12/2017,35.255001,34.904999,35.875,34.669998,35.255001,166802
12/13/2017,35.25,35.365002,35.470001,34.634998,35.25,152151
12/14/2017,36.220001,35.505001,36.990002,34.82,36.220001,227773
12/15/2017,36.029999,36.279999,36.669998,35.375,36.029999,1600087
12/18/2017,34.790001,36.165001,36.165001,34.560001,34.790001,152556
12/19/2017,34.799999,34.779999,34.935001,34.560001,34.799999,116199
12/20/2017,33.990002,34.834999,34.869999,33.82,33.990002,85709
12/21/2017,34.185001,34.224998,34.509998,33.825001,34.185001,128532
12/22/2017,33.830002,34.07,34.419998,33.474998,33.830002,124324
12/27/2017,32.865002,33.900002,34,32.775002,32.865002,118362
12/28/2017,32.654999,32.740002,33.055,32.220001,32.654999,164079
12/29/2017,33,32.66,33.119999,32.66,33,142134
1/2/2018,32.66,33.099998,33.119999,32.299999,32.66,69669
1/3/2018,33.34,32.639999,33.599998,32.639999,33.34,257375
1/4/2018,33.540001,33.740002,33.860001,33.34,33.540001,167286
1/5/2018,32,33.860001,34.32,31.4,32,530521
1/8/2018,32.580002,32.52,33.080002,31.940001,32.580002,988571
1/9/2018,32.599998,32.68,33.18,32.52,32.599998,169982
1/10/2018,33,32.400002,33.060001,31.940001,33,226770
1/11/2018,32.700001,32.779999,33.080002,32.459999,32.700001,228374
1/12/2018,32.639999,32.639999,33.060001,32.48,32.639999,192295
1/15/2018,33.040001,32.619999,33.360001,32.619999,33.040001,152182
1/16/2018,32.799999,33.279999,33.380001,32.619999,32.799999,122285
1/17/2018,32.799999,32.84,33,32.68,32.799999,219682
1/18/2018,33.16,32.959999,33.16,32.619999,33.16,154330
1/19/2018,33.439999,33.200001,33.5,33,33.439999,120509
1/22/2018,34.5,34.080002,35.32,34.080002,34.5,545801
1/23/2018,34.48,34.759998,34.759998,34.099998,34.48,152461
1/24/2018,33.759998,34.32,34.34,33.68,33.759998,168336
1/25/2018,33.759998,33.740002,34,33.32,33.759998,160565
1/26/2018,35.060001,33.779999,35.060001,33.220001,35.060001,292144
1/29/2018,35,34.919998,35.139999,34.639999,35,399625
1/30/2018,34.540001,34.52,35.299999,34.439999,34.540001,316457
1/31/2018,34.560001,34.68,34.700001,34.16,34.560001,166066
2/1/2018,33.98,34.84,35,33.84,33.98,96933
2/2/2018,33.060001,33.82,33.880001,32.82,33.060001,238015
2/5/2018,32.419998,33.02,33.02,32.34,32.419998,154786
2/6/2018,31.639999,31.5,31.799999,30.4,31.639999,366688
2/7/2018,33.200001,33.099998,33.700001,32.639999,33.200001,229123
2/8/2018,32.599998,33.52,33.66,32.299999,32.599998,231529
2/9/2018,31.98,32,32.360001,31.440001,31.98,579481
2/12/2018,33.48,33,33.740002,33,33.48,290690
2/13/2018,34.360001,33.580002,35.060001,33.52,34.360001,318734
2/14/2018,34.5,34.5,34.5,33.860001,34.5,268335
2/15/2018,34.5,34.5,34.759998,34.240002,34.5,556655
2/16/2018,34.540001,34.599998,34.700001,34.400002,34.540001,320888
2/19/2018,34.5,34.48,34.599998,34.220001,34.5,107271
2/20/2018,34.400002,34.48,34.580002,34.32,34.400002,129101
2/21/2018,34.5,34.48,34.639999,34.279999,34.5,135020
2/22/2018,34.5,34.18,34.580002,34.119999,34.5,205266
2/23/2018,34.5,34.48,34.619999,34.400002,34.5,209554
2/26/2018,36.419998,34.799999,36.68,34.759998,36.419998,482486
2/27/2018,35.799999,36.540001,36.560001,35.639999,35.799999,207988
2/28/2018,36,35.66,36.18,35.66,36,256373
3/1/2018,36.099998,35.880001,36.16,35.299999,36.099998,385658
3/2/2018,35.860001,35.599998,36.02,35.380001,35.860001,229718
3/5/2018,36.799999,35.68,36.880001,35.66,36.799999,248098
3/6/2018,36.619999,37,37.119999,36.18,36.619999,330753
3/7/2018,37.900002,36.540001,38.16,36.439999,37.900002,245158
3/8/2018,38.400002,38.080002,38.400002,37.759998,38.400002,211971
3/9/2018,38.619999,38.400002,38.799999,38.259998,38.619999,528065
3/12/2018,39,38.98,39.439999,38.560001,39,312563
3/13/2018,38.599998,39,39.060001,38.48,38.599998,294846
3/14/2018,38.02,38.439999,38.880001,37.959999,38.02,174869
3/15/2018,38.360001,38.200001,38.48,37.98,38.360001,257008
3/16/2018,38.599998,38.599998,38.599998,38.040001,38.599998,2628732
3/19/2018,38.779999,38.68,38.799999,38.360001,38.779999,271208
3/20/2018,38.939999,38.779999,38.939999,38.220001,38.939999,212521
3/21/2018,39.119999,39,39.580002,38.860001,39.119999,180501
3/22/2018,39.240002,38.68,39.52,38.599998,39.240002,170522
3/23/2018,39.380001,38.52,39.560001,38.439999,39.380001,168837
3/26/2018,39.220001,39.34,39.419998,38.639999,39.220001,338574
3/27/2018,39.52,40,40.459999,39.419998,39.52,453076
3/28/2018,39.5,39.419998,39.599998,38.939999,39.5,389240
3/29/2018,39.299999,39.360001,39.400002,38.34,39.299999,287288
4/3/2018,39.240002,39.080002,39.5,38.82,39.240002,278161
4/4/2018,37.459999,38.98,39.099998,37.279999,37.459999,295732
4/5/2018,38.360001,37.779999,38.5,37.34,38.360001,186951
4/6/2018,38.560001,38.380001,38.900002,38.200001,38.560001,149357
4/9/2018,39.240002,38.939999,39.240002,38.84,39.240002,287188
4/10/2018,39.400002,39.299999,39.400002,39.139999,39.400002,198418
4/11/2018,39.18,39.400002,39.5,39,39.18,134232
4/12/2018,39.48,39.240002,39.560001,39.18,39.48,322123
4/13/2018,39.380001,39.5,39.560001,39.16,39.380001,178334
4/16/2018,39.279999,39.48,39.5,39.16,39.279999,153779
4/17/2018,38.900002,39.380001,39.400002,38.82,38.900002,154538
4/18/2018,38.84,39.02,39.560001,38.740002,38.84,308934
4/19/2018,38.860001,38.759998,38.860001,38.220001,38.860001,331716
4/20/2018,38.919998,38.779999,39.080002,38.48,38.919998,223879
4/23/2018,39.32,38.779999,39.540001,38.779999,39.32,281592
4/24/2018,39.34,39.220001,39.400002,38.900002,39.34,380462
4/25/2018,39.299999,39,39.419998,38.880001,39.299999,466437
4/26/2018,39.84,39.240002,41.200001,38.639999,39.84,759164
4/27/2018,40.099998,40.080002,40.799999,39.860001,40.099998,278948
4/30/2018,39.599998,40.16,40.32,39.400002,39.599998,274215
5/2/2018,40.400002,39.860001,40.799999,39.400002,40.400002,368779
5/3/2018,40.259998,40.400002,40.400002,39.98,40.259998,228117
5/4/2018,39.619999,40.360001,40.360001,39.400002,39.619999,300805
5/7/2018,40,39.740002,40.18,39.540001,40,213179
5/8/2018,38.439999,40.02,40.02,37.779999,38.439999,635238
5/9/2018,39.919998,39,40,39,39.919998,523591
5/10/2018,40.02,40,40.200001,39.779999,40.02,255194
5/11/2018,40.139999,40.119999,40.18,39.82,40.139999,266480
5/14/2018,40.099998,39.919998,40.18,39.82,40.099998,255490
5/15/2018,39.900002,39.880001,40.18,39.619999,39.900002,546975
5/16/2018,40.040001,39.98,40.18,39.860001,40.040001,338219
5/17/2018,40.400002,40.119999,40.400002,39.860001,40.400002,294628
5/18/2018,40,40.48,40.959999,39.759998,40,542961
5/21/2018,40,40,40,40,40,0
5/22/2018,40,40,40.34,39.799999,40,436657
5/23/2018,39.700001,39.98,40.02,39.66,39.700001,225962
5/24/2018,39.900002,39.740002,40,39.619999,39.900002,342629
5/25/2018,39.66,40.18,40.18,39.32,39.66,363417
5/28/2018,39.84,39.860001,40.139999,39.779999,39.84,222058
5/29/2018,39.419998,39.82,40.540001,39.34,39.419998,519442
5/30/2018,38.599998,39.66,39.68,38.48,38.599998,446203
5/31/2018,39.32,38.68,39.639999,38.279999,39.32,8728391
6/1/2018,39.98,38.720001,40.080002,38.720001,39.98,456591
6/4/2018,39.939999,40,40.139999,39.740002,39.939999,416161
6/5/2018,40,40,40.080002,39.799999,40,402960
6/6/2018,41,40.080002,41,39.860001,41,736787
6/7/2018,41.099998,41.200001,42,40.98,41.099998,588857
6/8/2018,41.119999,41.18,41.400002,40.799999,41.119999,361189
6/11/2018,41.380001,41.200001,41.52,41,41.380001,230302
6/12/2018,41.16,41.639999,41.740002,41.060001,41.16,264001
6/13/2018,41.060001,41.279999,41.279999,40.700001,41.060001,214367
6/14/2018,41,41,41.080002,40.900002,41,307585
6/15/2018,41.799999,41.099998,41.799999,40.779999,41.799999,3338434
6/18/2018,42.060001,41.5,42.619999,41.48,42.060001,496126
6/19/2018,43.299999,41.919998,43.400002,41.639999,43.299999,670466
6/20/2018,44.099998,43.599998,44.279999,43.459999,44.099998,599941
6/21/2018,43.98,44.139999,44.52,43.599998,43.98,414456
6/22/2018,44.400002,44,44.400002,43.98,44.400002,247717
6/25/2018,44.900002,44.419998,45,44.18,44.900002,323191
6/26/2018,44.98,45,45.099998,44.82,44.98,389635
6/27/2018,45.040001,45.02,45.360001,44.540001,45.040001,534995
6/28/2018,44.939999,44.84,45.380001,44.540001,44.939999,343150
6/29/2018,45.580002,45,46,44.720001,45.580002,514158
7/2/2018,45.82,45.48,46,45.299999,45.82,343049
7/3/2018,46.740002,46,46.900002,45.700001,46.740002,544963
7/4/2018,47.299999,46.52,47.380001,46.259998,47.299999,290550
7/5/2018,48.240002,47.419998,48.400002,47.279999,48.240002,510368
7/6/2018,48.939999,48.560001,49.139999,48.119999,48.939999,476440
7/9/2018,49.299999,49.34,50,49.119999,49.299999,390768
7/10/2018,48,49.459999,49.459999,47.84,48,506975
7/11/2018,48.200001,47.720001,48.619999,47.52,48.200001,251692
7/12/2018,48.860001,48.299999,49.32,48.18,48.860001,435801
7/13/2018,48.619999,48.98,49.18,48.419998,48.619999,235673
7/16/2018,48.959999,48.459999,49.099998,48.459999,48.959999,320649
7/17/2018,49.459999,49.02,49.580002,48.66,49.459999,267442
7/18/2018,50,49.740002,50.25,49.68,50,228714
7/19/2018,49.860001,50.049999,50.299999,49.66,49.860001,280106
7/20/2018,50.150002,49.799999,50.700001,49.799999,50.150002,269074
7/23/2018,50.599998,50.150002,50.599998,49.82,50.599998,199427
7/24/2018,50.549999,51,51.25,50.5,50.549999,301928
7/25/2018,51.849998,50.549999,52,50.200001,51.849998,226688
7/26/2018,51.099998,52.150002,52.349998,50.75,51.099998,358785
7/27/2018,51,51.549999,51.549999,50.849998,51,239147
7/30/2018,49.240002,51,51,49.139999,49.240002,316544
7/31/2018,48.580002,49.119999,49.18,47.68,48.580002,543511
8/1/2018,48.700001,48.619999,49.040001,48.040001,48.700001,368672
8/2/2018,47.880001,46.400002,48.119999,44.48,47.880001,870478
8/3/2018,47.060001,48.02,48.16,46.200001,47.060001,632256
8/6/2018,47.060001,46.700001,47.700001,46.459999,47.060001,321265
8/7/2018,46.98,47.259998,48.419998,46.860001,46.98,270988
8/8/2018,47.220001,46.939999,47.380001,46.639999,47.220001,234135
8/9/2018,48.939999,47.32,48.939999,47.02,48.939999,331317
8/10/2018,47.619999,48,48,46.959999,47.619999,530324
8/13/2018,46.919998,47.540001,47.880001,46.099998,46.919998,412786
8/14/2018,46.119999,47,47.299999,46,46.119999,377698
8/15/2018,45.119999,46.34,46.34,45.099998,45.119999,357227
8/16/2018,46.279999,45.700001,47.080002,45.52,46.279999,441230
8/17/2018,45.84,46,46.200001,45.639999,45.84,160251
8/20/2018,45.700001,45.98,45.98,45.66,45.700001,195332
8/21/2018,45.419998,45.68,45.900002,44.900002,45.419998,283359
8/22/2018,46,45.5,46.080002,45.5,46,212644
8/23/2018,47.16,46.099998,47.400002,45.98,47.16,242590
8/24/2018,48.779999,47.259998,49.560001,47.259998,48.779999,285996
8/27/2018,49.68,49.040001,49.880001,48.619999,49.68,180637
8/28/2018,49.400002,49.740002,49.740002,48.48,49.400002,225986
8/29/2018,48.299999,49.459999,49.639999,48.220001,48.299999,264255
8/30/2018,49.380001,48.16,49.560001,47.939999,49.380001,313272
8/31/2018,47.459999,49.119999,49.439999,47.02,47.459999,472527
9/3/2018,47,47.5,47.68,47,47,231161
9/4/2018,46.099998,47.099998,47.16,45.68,46.099998,247544
9/5/2018,45.32,45.900002,46,44.900002,45.32,439097
9/6/2018,45.439999,45.080002,45.599998,44.939999,45.439999,304748
9/7/2018,45.299999,45.48,45.560001,44.900002,45.299999,260274
9/10/2018,45.919998,45.259998,45.98,45.119999,45.919998,242520
9/11/2018,46.360001,45.919998,46.560001,45.619999,46.360001,308778
9/12/2018,46.48,46.439999,46.68,46.16,46.48,250725
9/13/2018,45,46.279999,46.580002,42.540001,45,867932
9/14/2018,44.580002,45,45.200001,43.299999,44.580002,542910
9/17/2018,43.400002,44.279999,44.419998,43.360001,43.400002,295110
9/18/2018,43.34,43.279999,43.48,42.84,43.34,254085
9/19/2018,43.02,43.540001,43.740002,43,43.02,267334
9/20/2018,43.02,43.119999,43.380001,42.459999,43.02,323428
9/21/2018,43.099998,43.240002,43.599998,41.759998,43.099998,1049240
9/24/2018,42.68,42.82,43.240002,42.380001,42.68,175150
9/25/2018,42.919998,42.439999,43.240002,42.439999,42.919998,205026
9/26/2018,42.860001,43.139999,43.560001,42.720001,42.860001,226165
9/27/2018,41.700001,42.720001,43,41.700001,41.700001,314502
9/28/2018,41.419998,41.900002,42.259998,41.16,41.419998,437248
10/1/2018,41.619999,41.220001,41.860001,40.880001,41.619999,353787
10/2/2018,40.900002,41.240002,41.619999,40.52,40.900002,282361
10/4/2018,40.200001,40.84,41.040001,39.919998,40.200001,419906
10/5/2018,39.720001,40.060001,40.240002,39.540001,39.720001,392806
10/8/2018,37.400002,39.580002,39.619999,35.799999,37.400002,806436
10/9/2018,36.360001,37.200001,37.720001,35.900002,36.360001,599861
10/10/2018,35.119999,36.5,37.080002,35.080002,35.119999,454101
10/11/2018,34.540001,34.459999,35.080002,33.860001,34.540001,666129
10/12/2018,35.099998,35.240002,35.240002,34.32,35.099998,368227
10/15/2018,34.299999,34.740002,34.98,34,34.299999,319713
10/16/2018,35.299999,34.52,35.439999,34.139999,35.299999,337438
10/17/2018,35.919998,35.599998,36.48,35.5,35.919998,353323
10/18/2018,36.060001,36.099998,36.939999,35.639999,36.060001,393565
10/19/2018,35.459999,35.900002,36.18,35.34,35.459999,256271
10/22/2018,35.619999,35.779999,35.880001,35.419998,35.619999,228972
10/23/2018,32.880001,35.360001,35.360001,32.84,32.880001,459176
10/24/2018,33.700001,33.139999,34.560001,32.900002,33.700001,345885
10/25/2018,34.200001,33.419998,34.48,33.060001,34.200001,331468
10/26/2018,33.82,33.759998,34.02,33.02,33.82,314117
10/29/2018,34.599998,34.02,34.900002,33.82,34.599998,328206
10/30/2018,33.32,34.68,34.779999,32.919998,33.32,437570
10/31/2018,35.639999,33.720001,35.82,33.68,35.639999,399236
11/1/2018,36.700001,35.380001,37.400002,35.380001,36.700001,436822
11/2/2018,37.400002,37.34,38.32,37.200001,37.400002,407253
11/5/2018,35.939999,37.200001,37.779999,35.939999,35.939999,310479
11/6/2018,35.16,35.959999,36.18,35.099998,35.16,265576
11/7/2018,36.68,38.66,39.639999,36.139999,36.68,692847
11/8/2018,37.66,36.959999,38.18,36.900002,37.66,522985
11/9/2018,36.860001,37.540001,38.099998,36.84,36.860001,308766
11/12/2018,34.900002,37.299999,37.299999,34.759998,34.900002,326054
11/13/2018,33.459999,34.779999,34.799999,32.860001,33.459999,459984
11/14/2018,33.599998,33.400002,34.299999,32.860001,33.599998,479504
11/15/2018,33.34,33.98,34.240002,33.060001,33.34,311502
11/16/2018,34.259998,33.439999,34.360001,33.16,34.259998,277044
11/19/2018,32.580002,34.459999,34.82,32.580002,32.580002,339499
11/20/2018,31.18,32.080002,32.080002,30.24,31.18,465555
11/21/2018,31.959999,31.42,32.080002,30.639999,31.959999,406306
11/22/2018,32.459999,33.099998,33.560001,31.860001,32.459999,300582
11/23/2018,32.18,32.82,32.82,31.68,32.18,169539
11/26/2018,33.02,32.560001,33.52,32.459999,33.02,214910
11/27/2018,32.700001,33.419998,33.419998,32.139999,32.700001,209890
11/28/2018,33.060001,32.84,33.700001,32.68,33.060001,221238
11/29/2018,33.360001,33.439999,34.580002,33.299999,33.360001,248663
11/30/2018,32.139999,33.139999,33.419998,31.76,32.139999,424864
12/3/2018,33.580002,33.380001,34.18,33.220001,33.580002,290414
12/4/2018,32,33.200001,33.5,32,32,278619
12/5/2018,31.440001,31.639999,32.32,31.299999,31.440001,242863
12/6/2018,29.9,31.32,31.32,28.799999,29.9,727729
12/7/2018,30.26,30.08,31.540001,30.08,30.26,398722
12/10/2018,29.559999,30,30.280001,29.559999,29.559999,209313
12/11/2018,30.639999,29.799999,30.84,29.68,30.639999,284443
12/12/2018,31.200001,30.879999,31.66,30.34,31.200001,293273
12/13/2018,31.66,31.4,32.16,31.02,31.66,206430
12/14/2018,31.02,31.540001,31.540001,30.799999,31.02,313400
12/17/2018,29.9,30.9,30.9,29.139999,29.9,380361
12/18/2018,29.059999,29.719999,30,28.360001,29.059999,542441
12/19/2018,29,29.219999,29.9,28.58,29,410607
12/20/2018,27.620001,28.32,28.780001,27.52,27.620001,394147
12/21/2018,30.4,27.6,34.599998,27.48,30.4,1237623
12/27/2018,31.780001,30.700001,31.879999,30.4,31.780001,354248
12/28/2018,32.5,31.92,32.5,31.219999,32.5,288152
1/2/2019,31.959999,32.560001,32.919998,31.52,31.959999,355114
1/3/2019,29.52,31.719999,31.879999,29,29.52,642332
1/4/2019,30.059999,29.780001,30.059999,29,30.059999,296913
1/7/2019,31.639999,30.799999,31.700001,30.5,31.639999,273381
1/8/2019,32.639999,31.66,33.240002,31.66,32.639999,308705
1/9/2019,33.200001,33,33.5,32.48,33.200001,634113
1/10/2019,32.799999,32.900002,33,32.299999,32.799999,371084
1/11/2019,32.779999,33,33.16,32.240002,32.779999,250075
1/14/2019,32.240002,32.68,32.919998,32.18,32.240002,169946
1/15/2019,32.639999,32.66,33,32.419998,32.639999,244471
1/16/2019,32.779999,32.740002,33.200001,32.580002,32.779999,269979
1/17/2019,32.959999,32.66,33.259998,32.5,32.959999,212389
1/18/2019,32.939999,33.240002,33.360001,32.799999,32.939999,166370
1/21/2019,33.599998,33.240002,33.700001,33.240002,33.599998,212159
1/22/2019,33.5,33.5,33.939999,33.200001,33.5,180273
1/23/2019,33.400002,33.299999,33.799999,33.119999,33.400002,233228
1/24/2019,32.700001,32.98,33.02,32.119999,32.700001,474431
1/25/2019,34,33.060001,34,32.720001,34,306931
1/28/2019,33.220001,33.799999,33.900002,32.779999,33.220001,303987
1/29/2019,33.099998,32.98,33.639999,32.459999,33.099998,274192
1/30/2019,32.360001,33.200001,33.200001,31.639999,32.360001,345451
1/31/2019,32.200001,32,32.400002,31.34,32.200001,524714
2/1/2019,32.119999,32.299999,32.5,31.26,32.119999,307498
2/4/2019,32.380001,32.18,32.619999,32,32.380001,231781
2/5/2019,34.48,32.400002,34.48,32.220001,34.48,273511
2/6/2019,35.360001,34.82,36.939999,34.360001,35.360001,583562
2/7/2019,35.279999,35.32,35.459999,34.259998,35.279999,413788
2/8/2019,34.580002,35.099998,35.439999,34.439999,34.580002,396590
2/11/2019,35.720001,34.779999,35.82,34.419998,35.720001,230924
2/12/2019,35.439999,35.98,36.060001,35.119999,35.439999,292012
2/13/2019,35.459999,35.619999,35.880001,35.299999,35.459999,309661
2/14/2019,35.52,35.439999,35.779999,35.220001,35.52,247279
2/15/2019,35.799999,35.240002,36.02,34.98,35.799999,381333
2/18/2019,35.880001,35.98,36.200001,35.759998,35.880001,368436
2/19/2019,35.240002,35.82,35.880001,34.68,35.240002,327364
2/20/2019,35.400002,35.220001,35.540001,35,35.400002,239222
2/21/2019,34.099998,34.52,34.84,33.360001,34.099998,698462
2/22/2019,33.580002,33.68,34.099998,33.32,33.580002,346824
2/25/2019,33.68,34,34.220001,33.419998,33.68,230961
2/26/2019,34.139999,34.880001,34.880001,33.700001,34.139999,398664
2/27/2019,33.720001,34.240002,34.240002,33.380001,33.720001,303626
2/28/2019,34.080002,33.52,34.34,33.279999,34.080002,325947
3/1/2019,34.700001,34.299999,34.98,33.900002,34.700001,303298
3/4/2019,34.720001,34.98,35.279999,34.5,34.720001,247753
3/5/2019,35.34,34.720001,35.419998,34.619999,35.34,211394
3/6/2019,35.700001,35.459999,35.779999,34.900002,35.700001,373650
3/7/2019,35.560001,35.599998,35.66,35.119999,35.560001,233482
3/8/2019,35.5,35.299999,35.720001,35.220001,35.5,245851
3/11/2019,35.619999,35.5,35.720001,34.880001,35.619999,273443
3/12/2019,35.52,35.900002,35.900002,35.419998,35.52,301096
3/13/2019,35.540001,35.5,35.700001,35.139999,35.540001,477040
3/14/2019,35.639999,35.700001,35.759998,35.459999,35.639999,327661
3/15/2019,35.5,35.700001,35.759998,35.299999,35.5,817087
3/18/2019,35.740002,35.740002,35.740002,35.259998,35.740002,235340
3/19/2019,35.599998,35.779999,35.799999,35.439999,35.599998,199175
3/20/2019,35.540001,35.5,35.799999,35.400002,35.540001,237822
3/21/2019,35.5,35.48,35.52,34.68,35.5,349992
3/22/2019,34.66,35.48,35.740002,34.66,34.66,311249
3/25/2019,33.16,34.400002,34.400002,32.939999,33.16,308760
3/26/2019,33.34,33.220001,33.5,32.880001,33.34,320238
3/27/2019,31.92,33.360001,33.400002,31.74,31.92,420740
3/28/2019,31.639999,31.9,32.52,31.6,31.639999,214051
3/29/2019,32.200001,31.74,32.279999,31.5,32.200001,304885
4/1/2019,33.439999,32.490002,33.66,32.369999,33.439999,540866
4/2/2019,33.990002,33.389999,33.990002,33.189999,33.990002,256054
4/3/2019,35.299999,34.209999,35.389999,34.200001,35.299999,443824
4/4/2019,35.169998,35.310001,35.560001,35,35.169998,319708
4/5/2019,35.330002,35.41,35.59,35.220001,35.330002,231424
4/8/2019,35.400002,35.389999,35.720001,34.98,35.400002,322374
4/9/2019,34.34,35.330002,35.540001,34.34,34.34,319617
4/10/2019,35.040001,34.439999,35.439999,34.34,35.040001,298585
4/11/2019,35.34,35.09,35.509998,34.98,35.34,206274
4/12/2019,35.5,35.57,35.799999,35.169998,35.5,492871
4/15/2019,35.32,35.5,35.700001,34.860001,35.32,211143
4/16/2019,35.400002,35.349998,35.740002,35.290001,35.400002,235885
4/17/2019,35.439999,35.43,35.639999,35.349998,35.439999,246247
4/18/2019,35.5,35.400002,35.630001,35.220001,35.5,192802
4/23/2019,35.599998,35.43,35.82,35.259998,35.599998,732844
4/24/2019,35.700001,35.57,36.130001,35.400002,35.700001,783706
4/25/2019,39.310001,37,39.310001,35.900002,39.310001,1574185
4/26/2019,40.75,39.490002,41.139999,39.48,40.75,1026108
4/29/2019,40.459999,40.740002,40.900002,40.349998,40.459999,412570
4/30/2019,41.09,40.25,41.279999,40.189999,41.09,467930
5/2/2019,41.25,41.290001,41.700001,40.73,41.25,387162
5/3/2019,42.240002,41.209999,42.279999,40.98,42.240002,295699
5/6/2019,41.369999,40.099998,41.630001,39.799999,41.369999,268401
5/7/2019,41.34,41.509998,42.189999,41.080002,41.34,421631
5/8/2019,42.209999,41.259998,42.41,41.259998,42.209999,259545
5/9/2019,41.580002,42.169998,42.709999,41.43,41.580002,396741
5/10/2019,41.900002,42.400002,42.919998,41.77,41.900002,466054
5/13/2019,40.25,41.91,41.91,39.970001,40.25,452446
5/14/2019,41.950001,40.369999,42.32,40.34,41.950001,549148
5/15/2019,41.619999,42.41,42.41,41,41.619999,491016
5/16/2019,42.84,41.799999,43,41.779999,42.84,390222
5/17/2019,41.869999,41.400002,41.900002,40.450001,41.869999,592764
5/20/2019,40.93,41.740002,41.939999,40.279999,40.93,435557
5/21/2019,41.130001,40.990002,41.52,40.830002,41.130001,288786
5/22/2019,40.950001,40.880001,41.5,40.369999,40.950001,458475
5/23/2019,40.049999,40.599998,40.869999,39.849998,40.049999,375627
5/24/2019,40.119999,40.59,40.900002,40.040001,40.119999,311547
5/27/2019,39.889999,40.529999,40.540001,39.290001,39.889999,280989
5/28/2019,39.509998,39.57,39.93,39.299999,39.509998,1895446
5/29/2019,38.369999,39.209999,39.290001,37.84,38.369999,477861
5/30/2019,38.98,38.75,38.98,38.52,38.98,229401
5/31/2019,38.549999,38.029999,38.549999,37.639999,38.549999,457316
6/3/2019,38.650002,38.450001,38.889999,38.119999,38.650002,256214
6/4/2019,37.91,38.32,38.630001,37.66,37.91,249431
6/5/2019,38.599998,38.139999,38.700001,38.139999,38.599998,421750
6/6/2019,38.009998,38.450001,38.740002,37.84,38.009998,383547
6/7/2019,38.290001,38.209999,38.470001,38,38.290001,325490
6/11/2019,38.310001,38.5,38.740002,38.18,38.310001,426419
6/12/2019,38.23,38.200001,38.380001,37.709999,38.23,326972
6/13/2019,37.860001,37.91,38.09,37.009998,37.860001,361104
6/14/2019,37.59,37.93,38,37.310001,37.59,137569
6/17/2019,37.490002,37.849998,37.950001,36.889999,37.490002,297941
6/18/2019,37.950001,37.599998,38.25,37.009998,37.950001,394634
6/19/2019,37.369999,38.299999,38.389999,37.080002,37.369999,297997
6/20/2019,41,41.5,43.279999,40.459999,41,1111521
6/21/2019,41.16,41.400002,42.169998,40.700001,41.16,1212968
6/24/2019,40.75,41.5,42.099998,40.73,40.75,483917
6/25/2019,40.139999,40.77,40.869999,39.869999,40.139999,398346
6/26/2019,39.52,39.799999,40.130001,39.349998,39.52,244321
6/27/2019,39.5,39.650002,39.669998,38.77,39.5,359159
6/28/2019,39.889999,39.889999,40.450001,39.580002,39.889999,403969
7/1/2019,39.400002,40.43,40.779999,39.34,39.400002,446405
7/2/2019,39.189999,39.349998,39.639999,38.639999,39.189999,361667
7/3/2019,39.25,39.049999,39.419998,38.900002,39.25,349753
7/4/2019,39.360001,39.200001,39.66,38.959999,39.360001,330804
7/5/2019,40.009998,39.599998,40.369999,39.5,40.009998,379265
7/8/2019,39.220001,40.060001,40.200001,38.450001,39.220001,329988
7/9/2019,39.330002,39.130001,39.389999,38.68,39.330002,236953
7/10/2019,39.52,39.189999,39.970001,39.080002,39.52,302860
7/11/2019,39.849998,39.5,39.98,39.16,39.849998,256409
7/12/2019,39.970001,39.950001,40.220001,39.549999,39.970001,365692
7/15/2019,41,40.099998,41.290001,39.860001,41,430332
7/16/2019,40.700001,40.970001,41.259998,40.240002,40.700001,324026
7/17/2019,40.540001,40.490002,40.799999,40.169998,40.540001,311049
7/18/2019,40.509998,40.299999,40.990002,39.549999,40.509998,370738
7/19/2019,40.700001,40.580002,41.169998,40.540001,40.700001,286900
7/22/2019,41.009998,40.889999,41.299999,40.450001,41.009998,364703
7/23/2019,40.98,41.240002,41.299999,40.799999,40.98,234485
7/24/2019,41.119999,40.779999,41.259998,40.779999,41.119999,239725
7/25/2019,40.43,41.439999,41.439999,40,40.43,390171
7/26/2019,40.889999,40.650002,41.060001,40.59,40.889999,186057
7/29/2019,42.919998,42,44.34,41.91,42.919998,1028312
7/30/2019,42.5,43.970001,44,42.080002,42.5,529059
7/31/2019,43.580002,42.5,43.919998,42.09,43.580002,773626
8/1/2019,45.580002,43.799999,45.580002,43.650002,45.580002,517662
8/2/2019,44.5,44.82,45.240002,44.099998,44.5,364168
8/5/2019,42.290001,42.060001,43.330002,41.759998,42.290001,540356
8/6/2019,43.509998,42.290001,43.84,42.009998,43.509998,475266
8/7/2019,44.419998,44.650002,45.220001,43.990002,44.419998,636674
8/8/2019,45.830002,45.02,45.990002,44.779999,45.830002,498307
8/9/2019,46.16,45.990002,46.900002,45.889999,46.16,416778
8/12/2019,45.509998,46.84,47.049999,45.509998,45.509998,282716
8/13/2019,45.400002,45.16,45.970001,44.93,45.400002,355015
8/14/2019,44.849998,45.630001,45.630001,44.459999,44.849998,289319
8/15/2019,43.68,45.080002,45.09,43.009998,43.68,341265
8/16/2019,44.200001,44.32,44.400002,43.439999,44.200001,548813
8/19/2019,44.970001,44.32,45.360001,44.220001,44.970001,244893
8/20/2019,45.009998,45.25,46.080002,44.990002,45.009998,451967
8/21/2019,46.630001,45.259998,46.630001,45.139999,46.630001,354878
8/22/2019,45.470001,46.189999,46.349998,45.290001,45.470001,231483
8/23/2019,44.830002,45.77,45.779999,44.700001,44.830002,223228
8/26/2019,44.43,44.52,44.790001,43.720001,44.43,263416
8/27/2019,44.029999,44.200001,44.59,43.349998,44.029999,348786
8/28/2019,43.779999,44.049999,44.09,43.259998,43.779999,272893
8/29/2019,44.77,43.810001,44.900002,43.599998,44.77,311557
8/30/2019,45.959999,45.639999,46.400002,45.150002,45.959999,352715
9/2/2019,46,46.200001,46.439999,45.639999,46,139501
9/3/2019,45.470001,45.889999,45.970001,44.900002,45.470001,369592
9/4/2019,44.790001,47.02,48.790001,44.360001,44.790001,672721
9/5/2019,45.580002,45.240002,46.080002,44.599998,45.580002,470533
9/6/2019,46.389999,45.610001,46.950001,45.610001,46.389999,394432
9/9/2019,45.360001,46.419998,46.75,44.799999,45.360001,383885
9/10/2019,44.619999,45.450001,45.450001,44,44.619999,468168
9/11/2019,44.650002,44.810001,44.84,44.02,44.650002,280444
9/12/2019,45.110001,44.68,45.900002,44.68,45.110001,301529
9/13/2019,44.580002,45.25,45.369999,44.490002,44.580002,263244
9/16/2019,43.259998,44.130001,44.299999,43.259998,43.259998,381389
9/17/2019,43.029999,43.48,43.810001,42.349998,43.029999,400010
9/18/2019,42.650002,43.139999,43.48,42.330002,42.650002,455532
9/19/2019,42.32,42.560001,42.889999,42.119999,42.32,510138
9/20/2019,41.880001,42.52,42.740002,41.630001,41.880001,711112
9/23/2019,41.630001,41.709999,41.709999,41.029999,41.630001,227690
9/24/2019,41.48,41.5,42.240002,41.450001,41.48,228344
9/25/2019,41.52,41.189999,41.549999,40.549999,41.52,344062
9/26/2019,41.349998,41.549999,42.470001,41.32,41.349998,219301
9/27/2019,41.259998,41.599998,41.650002,41.029999,41.259998,168574
9/30/2019,40.759998,41.200001,41.650002,40.509998,40.759998,330000
10/1/2019,40.66,40.740002,41.119999,40.52,40.66,428234
10/2/2019,39.919998,40.389999,40.560001,39.380001,39.919998,525183
10/4/2019,40.189999,40.310001,40.73,39.98,40.189999,324918
10/7/2019,39.48,40.18,40.25,39.200001,39.48,285246
10/8/2019,38.900002,39.279999,39.610001,38.77,38.900002,254921
10/9/2019,39.299999,39.150002,39.619999,38.869999,39.299999,252706
10/10/2019,39.779999,39.290001,40.169998,38.59,39.779999,541498
10/11/2019,40.360001,40.119999,40.549999,39.459999,40.360001,475581
10/14/2019,39.900002,40.07,40.470001,39.610001,39.900002,223557
10/15/2019,40.970001,40,41.169998,39.889999,40.970001,335851
10/16/2019,42.259998,40.900002,42.869999,40.639999,42.259998,598554
10/17/2019,43.5,42.279999,43.619999,41.950001,43.5,597409
10/18/2019,42.549999,43.060001,44.07,42.419998,42.549999,381435
10/21/2019,42.5,42.5,42.889999,42.299999,42.5,336178
10/22/2019,43.959999,42.700001,44.849998,42.419998,43.959999,628492
10/23/2019,43.700001,44.25,44.25,43.439999,43.700001,281921
10/24/2019,43.990002,43.709999,44.130001,43.450001,43.990002,207873
10/25/2019,44.349998,43.990002,44.5,43.580002,44.349998,182097
10/28/2019,44.970001,44.41,45.290001,44.299999,44.970001,205938
10/29/2019,44.389999,44.25,44.77,43.700001,44.389999,402933
10/30/2019,44.119999,44.25,44.25,43.369999,44.119999,566536
10/31/2019,42.029999,46,46,40.849998,42.029999,1233265
11/1/2019,41.529999,41.73,42.189999,40.470001,41.529999,590928
11/4/2019,41,41.650002,41.799999,40.849998,41,395576
11/5/2019,42.16,41.009998,42.5,40.990002,42.16,484174
11/6/2019,42.869999,42.139999,43.169998,41.77,42.869999,580159
11/7/2019,43.560001,43.290001,43.689999,42.799999,43.560001,347140
11/8/2019,44.130001,43.849998,44.619999,43.669998,44.130001,536636
11/11/2019,43,44.02,44.599998,42.919998,43,313633
11/12/2019,43.18,43.200001,43.279999,42.400002,43.18,317195
11/13/2019,43.41,43.099998,43.759998,42.939999,43.41,287211
11/14/2019,43.650002,43.810001,44.07,43.43,43.650002,182982
11/15/2019,43.709999,43.990002,44.060001,43.34,43.709999,206383
11/18/2019,43.689999,43.93,44.509998,43.290001,43.689999,210263
11/19/2019,44.169998,43.880001,44.68,43.869999,44.169998,270892
11/20/2019,44.970001,44.32,45.200001,44.139999,44.970001,240491
11/21/2019,45.029999,44.5,45.380001,44.490002,45.029999,232316
11/22/2019,45.060001,45,45.540001,44.849998,45.060001,215736
11/25/2019,45.369999,45.619999,45.75,44.919998,45.369999,231130
11/26/2019,46.41,45.310001,46.41,45.310001,46.41,424290
11/27/2019,47.259998,46.419998,47.419998,46.27,47.259998,340853
11/28/2019,47.41,47.23,47.689999,47.189999,47.41,207014
11/29/2019,48,47.09,48.52,47.060001,48,503669
12/2/2019,48,47.790001,48.68,47.509998,48,579523
12/3/2019,48.09,48.099998,49.389999,47.860001,48.09,447332
12/4/2019,48.400002,48.119999,48.919998,47.93,48.400002,271148
12/5/2019,48.709999,48.689999,49.18,48.59,48.709999,273793
12/6/2019,49.330002,48.830002,49.470001,48.689999,49.330002,278326
12/9/2019,49.43,49.5,50,48.84,49.43,480885
12/10/2019,49.299999,49.400002,49.509998,48.830002,49.299999,351695
12/11/2019,49.889999,49.560001,49.889999,48.91,49.889999,406240
12/12/2019,50.16,49.93,50.34,49.700001,50.16,235552
12/13/2019,61.84,50,62.560001,49.990002,61.84,2404018
12/16/2019,64.5,62.299999,64.980003,61.259998,64.5,1050182
12/17/2019,65,64.860001,66.720001,63.939999,65,913786
12/18/2019,66.5,64.599998,67.739998,64.059998,66.5,712589
12/19/2019,68.040001,66.120003,68.260002,65.339996,68.040001,597556
12/20/2019,69,68.239998,69.419998,67.900002,69,693362
12/23/2019,69.739998,69.220001,71.120003,68.779999,69.739998,461313
12/27/2019,70.660004,70.199997,71.160004,69.800003,70.660004,292303
12/30/2019,70.559998,71.519997,71.720001,70.540001,70.559998,229189
1/2/2020,70.800003,70.480003,71.339996,68.699997,70.800003,644162
1/3/2020,70.980003,69.760002,72.18,69.519997,70.980003,357923
1/6/2020,67.5,70.940002,70.940002,67.5,67.5,536668
1/7/2020,66,66.519997,67.379997,65.519997,66,691900
1/8/2020,66,65.300003,66.559998,65.059998,66,483867
1/9/2020,65.699997,65.980003,66.339996,65.139999,65.699997,468511
1/10/2020,65.599998,65.599998,66,64.580002,65.599998,340526
1/13/2020,65.68,65.580002,66.459999,65.360001,65.68,318533
1/14/2020,68.080002,65.779999,68.080002,65.599998,68.080002,400740
1/15/2020,71,68.599998,71.300003,68.480003,71,363399
1/16/2020,69.980003,71.760002,72.160004,69.139999,69.980003,1545296
1/17/2020,70,70,70.260002,69.440002,70,466353
1/20/2020,68.400002,70.059998,70.639999,68.260002,68.400002,379116
1/21/2020,68.260002,68.300003,68.440002,66.879997,68.260002,450623
1/22/2020,68.839996,67.980003,69.779999,67.620003,68.839996,350950
1/23/2020,68.760002,68.419998,69.82,68.300003,68.760002,376635
1/24/2020,70,69.400002,70.160004,68.459999,70,457945
1/27/2020,68.239998,69.5,69.639999,66.519997,68.239998,475489
1/28/2020,69.660004,68.459999,70.260002,66.800003,69.660004,487467
1/29/2020,70.459999,69.800003,70.82,69.739998,70.459999,288650
1/30/2020,70.220001,69.779999,70.82,69.440002,70.220001,345366
1/31/2020,69.620003,71,71.720001,69.519997,69.620003,367238
2/3/2020,71.5,69.720001,71.5,69.699997,71.5,420238
2/4/2020,72.199997,73,73,71.620003,72.199997,387537
2/5/2020,74.68,72.360001,75.379997,72.220001,74.68,622824
2/6/2020,75.239998,75.099998,75.239998,73.639999,75.239998,670134
2/7/2020,72.639999,75.300003,75.660004,72.459999,72.639999,498694
2/10/2020,75,72.800003,75.099998,72.260002,75,426990
2/11/2020,78.639999,71.5,78.800003,69.599998,78.639999,1124366
2/12/2020,81.339996,78.919998,81.339996,76.580002,81.339996,1154899
2/13/2020,80,80,81.620003,78.599998,80,630705
2/14/2020,79.260002,79.660004,80.559998,77.739998,79.260002,386843
2/17/2020,79,79.660004,80,78.540001,79,198223
2/18/2020,79,78.760002,79.519997,78.040001,79,216987
2/19/2020,80.059998,79.940002,80.800003,79.400002,80.059998,204658
2/20/2020,78.160004,79.900002,81.199997,77.760002,78.160004,413106
2/21/2020,76.300003,77.900002,78.18,76.199997,76.300003,405824
2/24/2020,72.760002,74.760002,74.760002,71.599998,72.760002,649105
2/25/2020,71.919998,73.5,74.339996,71.440002,71.919998,534147
2/26/2020,71.400002,71.160004,72.519997,68.260002,71.400002,633782
2/27/2020,68.440002,70.559998,70.919998,67.300003,68.440002,555012
2/28/2020,68,65.480003,68,64.5,68,1050938
3/2/2020,68.419998,72,73.260002,68.139999,68.419998,857405
3/3/2020,70.459999,69.660004,72.940002,69.5,70.459999,490260
3/4/2020,71.279999,70.779999,71.599998,69.580002,71.279999,372017
3/5/2020,71.580002,72.199997,72.580002,70.199997,71.580002,488385
3/6/2020,67.459999,69.68,69.879997,66.080002,67.459999,503212
3/9/2020,64,60,65.199997,59,64,672897
3/10/2020,64.040001,64.620003,67.459999,63.299999,64.040001,614928
3/11/2020,61.439999,64.760002,65.400002,61.240002,61.439999,596994
3/12/2020,57.860001,58,58.779999,53.82,57.860001,1065630
3/13/2020,60.139999,61.759998,66.559998,57.099998,60.139999,970034
3/16/2020,55.48,57.380001,58,50.18,55.48,1124607
3/17/2020,59.580002,62.5,62.82,53.799999,59.580002,801505
3/18/2020,59,57,61.380001,56.279999,59,832004
3/19/2020,60.759998,59.779999,62.779999,56.279999,60.759998,1024094
3/20/2020,66,65,67.839996,60.200001,66,2125766
3/23/2020,66.760002,63.919998,68.620003,61.959999,66.760002,778749
3/24/2020,68.660004,70.519997,72.940002,67.440002,68.660004,629327
3/25/2020,73.080002,70.699997,73.160004,67.959999,73.080002,651107
3/26/2020,72.239998,71.699997,73.18,67.699997,72.239998,598761
3/27/2020,69.199997,70.279999,71.059998,67.879997,69.199997,524642
3/30/2020,66.699997,70,70.360001,66.239998,66.699997,406678
3/31/2020,67.959999,66.959999,69.459999,66.18,67.959999,754688
4/1/2020,68.260002,66.599998,69.18,65.959999,68.260002,376652
4/2/2020,65.699997,68.459999,69.739998,64.760002,65.699997,351506
4/3/2020,65.760002,65.940002,66.800003,65.120003,65.760002,317980
4/6/2020,65.5,67.260002,67.800003,64.32,65.5,525789
4/7/2020,65.440002,67.620003,69.760002,64.339996,65.440002,563184
4/8/2020,65.360001,65.300003,67.199997,64.279999,65.360001,349970
4/9/2020,62.880001,63.5,64.800003,58.540001,62.880001,918343
4/14/2020,66.620003,63.860001,66.860001,63.400002,66.620003,528327
4/15/2020,66.080002,66.5,68.18,65.580002,66.080002,336914
4/16/2020,69.279999,66.440002,69.480003,65.900002,69.279999,490257
4/17/2020,69.239998,71.440002,71.660004,68.839996,69.239998,524934
4/20/2020,69.580002,69.599998,71.220001,68.699997,69.580002,235811
4/21/2020,67.959999,68.82,69.879997,67.959999,67.959999,261722
4/22/2020,70.879997,68.040001,71.120003,68,70.879997,435089
4/23/2020,71.519997,71.080002,72.739998,69.580002,71.519997,286256
4/24/2020,74.260002,69.800003,74.260002,69.440002,74.260002,281262
4/27/2020,75.980003,75.459999,78.239998,75.279999,75.980003,458538
4/28/2020,78.440002,76.599998,81.620003,73.339996,78.440002,492886
4/29/2020,78.699997,78.839996,79.400002,75.040001,78.699997,466099
4/30/2020,77,79.239998,79.480003,76.900002,77,401306
5/4/2020,76.239998,76,76.919998,75.040001,76.239998,374535
5/5/2020,80.379997,76.940002,80.639999,76.419998,80.379997,400880
5/6/2020,81.5,80.940002,82.660004,79.339996,81.5,314329
5/7/2020,85.720001,82.199997,86.559998,82.199997,85.720001,602277
5/8/2020,87.419998,87.099998,88.800003,86.199997,87.419998,330431
5/11/2020,88,88,88.540001,86.720001,88,305901
5/12/2020,87.040001,86.660004,87.519997,85.699997,87.040001,629160
5/13/2020,86.18,87.839996,89.400002,86.18,86.18,469451
5/14/2020,82.239998,85.360001,85.940002,81.879997,82.239998,593084
5/15/2020,83.5,83.400002,84.419998,82.82,83.5,388991
5/18/2020,83.260002,85.300003,86.080002,82.959999,83.260002,346698
5/19/2020,83.32,83.900002,83.900002,80.739998,83.32,532298
5/20/2020,86,83.480003,86.279999,82.699997,86,425345
5/21/2020,89,86,89.5,84.940002,89,391214
5/22/2020,90.739998,88.68,91.459999,88.059998,90.739998,503772
5/25/2020,89,91.599998,91.980003,88.639999,89,263419
5/26/2020,87.519997,89.940002,90.279999,86.860001,87.519997,305452
5/27/2020,82,87.639999,87.900002,81.080002,82,598849
5/28/2020,85.959999,82.599998,86.480003,82.5,85.959999,571912
5/29/2020,86.18,85.5,87.739998,85.139999,86.18,2072655
6/2/2020,87.099998,88.199997,88.379997,85.120003,87.099998,675482
6/3/2020,86.300003,88,88,85.099998,86.300003,509728
6/4/2020,86.379997,85.459999,87.059998,84.639999,86.379997,461316
6/5/2020,85.459999,86.599998,87.18,84.059998,85.459999,448001
6/8/2020,83.260002,85.400002,85.400002,82.080002,83.260002,439614
6/9/2020,84.800003,82.919998,85.080002,82.519997,84.800003,356254
6/10/2020,84.559998,85,85.800003,83.779999,84.559998,591152
6/11/2020,84.18,84.360001,85.879997,83.080002,84.18,575838
6/12/2020,84.300003,83.360001,84.779999,82.080002,84.300003,410694
6/15/2020,82.5,82.480003,84.040001,82.160004,82.5,384413
6/16/2020,86.559998,83.739998,86.559998,82.660004,86.559998,562724
6/17/2020,89.900002,86.900002,89.900002,85.800003,89.900002,361854
6/18/2020,90.860001,90.580002,92.199997,89.160004,90.860001,493595
6/19/2020,90.260002,91.18,91.760002,89.480003,90.260002,848812
6/22/2020,90.199997,89.019997,91.660004,88.699997,90.199997,314664
6/23/2020,92.360001,91.379997,92.68,90.699997,92.360001,466311
6/24/2020,91.300003,92.620003,94.279999,90.080002,91.300003,425937
6/25/2020,95.639999,91,95.639999,90.559998,95.639999,694290
6/26/2020,92.760002,96,96.220001,92.279999,92.760002,473740
6/29/2020,90.839996,93.279999,93.699997,90.620003,90.839996,318380
6/30/2020,90.959999,91.059998,92.800003,89.860001,90.959999,343102
7/1/2020,96.739998,93,96.739998,92.400002,96.739998,770436
7/2/2020,98,98.400002,99.120003,96.639999,98,468387
7/3/2020,102.650002,99.940002,105.150002,99.239998,102.650002,612835
7/6/2020,103.5,106,106.199997,101.75,103.5,490867
7/7/2020,103.150002,102.800003,103.5,101.900002,103.150002,220155
7/8/2020,99.599998,101.050003,102.349998,99.400002,99.599998,842383
7/9/2020,99.080002,100.5,100.900002,98.559998,99.080002,582286
7/10/2020,95.139999,98.5,98.900002,94.800003,95.139999,508053
7/13/2020,95.760002,97.199997,97.580002,93.239998,95.760002,383093
7/14/2020,91.540001,94.82,94.82,90.639999,91.540001,530889
7/15/2020,94.300003,93,95.120003,91.919998,94.300003,540529
7/16/2020,93.980003,93.779999,94.239998,91.940002,93.980003,437177
7/17/2020,95.239998,94.720001,96.099998,94.300003,95.239998,340649
7/20/2020,96.699997,95.800003,96.879997,93.860001,96.699997,286912
7/21/2020,97.580002,98.800003,100.099998,97.279999,97.580002,502505
7/22/2020,97.620003,97.220001,98.599998,96.699997,97.620003,336391
7/23/2020,97.199997,97.599998,98,96.300003,97.199997,257903
7/24/2020,89.760002,95.400002,95.440002,89.199997,89.760002,662310
7/27/2020,94.5,90,94.5,89.300003,94.5,400351
7/28/2020,96.760002,95.339996,99.080002,93.32,96.760002,670007
7/29/2020,97.699997,96.919998,99.519997,96.18,97.699997,327104
7/30/2020,96,97.800003,98.559998,94.639999,96,346494
7/31/2020,97.760002,96.360001,100.199997,96.160004,97.760002,637429
8/3/2020,101.599998,98.5,101.849998,98.160004,101.599998,573188
8/4/2020,99.699997,102,102.699997,96.940002,99.699997,466441
8/5/2020,99.379997,100.75,100.849998,98.599998,99.379997,290472
8/6/2020,98.5,99.400002,99.480003,97.300003,98.5,319021
8/7/2020,101.800003,98.440002,101.849998,97.199997,101.800003,395392
8/10/2020,98.459999,102,102.849998,98.260002,98.459999,269461
8/11/2020,95.440002,99.459999,100.949997,94.160004,95.440002,524537
8/12/2020,98.720001,95.040001,99.919998,94.839996,98.720001,396224
8/13/2020,102.949997,99.400002,103.800003,98.279999,102.949997,525264
8/14/2020,99.260002,103.300003,104.099998,99.260002,99.260002,376017
8/17/2020,102.800003,99.5,102.800003,98,102.800003,351398
8/18/2020,102.25,102.75,105,101.800003,102.25,425198
8/19/2020,100.099998,102.199997,103.300003,100,100.099998,368997
8/20/2020,98.419998,100.300003,100.75,96.860001,98.419998,599907
8/21/2020,94.959999,99,100.699997,94.699997,94.959999,3349395
8/24/2020,94.32,96.059998,97.800003,93.980003,94.32,676665
8/25/2020,93.919998,94.099998,95.139999,91.639999,93.919998,617669
8/26/2020,95.32,93.300003,95.32,93.160004,95.32,422729
8/27/2020,90.82,93.739998,94.720001,90.639999,90.82,796273
8/28/2020,90,91.019997,91.260002,86,90,882798
8/31/2020,90.019997,90.5,92,89.660004,90.019997,568042
9/1/2020,92,91.339996,92.900002,90.040001,92,558786
9/2/2020,94.68,93.279999,96.279999,93.260002,94.68,807263
9/3/2020,87.199997,95.360001,95.360001,87.040001,87.199997,776673
9/4/2020,86.959999,87.059998,89.900002,85.239998,86.959999,1058228
9/7/2020,90.019997,87.199997,90.099998,86.879997,90.019997,496086
9/8/2020,89.220001,90,90.040001,86.440002,89.220001,710333
9/9/2020,90.660004,88.919998,91.080002,88.580002,90.660004,403513
9/10/2020,90.519997,91.080002,91.739998,89.160004,90.519997,370614
9/11/2020,90,90.599998,90.800003,89.480003,90,323552
9/14/2020,90.540001,90.82,91.339996,89.660004,90.540001,246702
9/15/2020,90.459999,90.5,91.440002,89.980003,90.459999,342743
9/16/2020,89,90.919998,91.660004,88.379997,89,396061
9/17/2020,91.099998,87.860001,92.059998,86.980003,91.099998,448232
9/18/2020,90.959999,91.599998,91.900002,89.300003,90.959999,862264
9/21/2020,89.660004,90.099998,92.559998,88.660004,89.660004,434405
9/22/2020,93.699997,90.279999,94.099998,90.279999,93.699997,480393
9/23/2020,96,94.459999,96.639999,93.279999,96,486964
9/24/2020,97.120003,94.900002,98.339996,94.160004,97.120003,691156
9/25/2020,96.82,97.199997,97.959999,95.82,96.82,493139
9/28/2020,97.32,98.379997,99.699997,97.199997,97.32,460117
9/29/2020,99.080002,97.519997,99.360001,97.160004,99.080002,485315
9/30/2020,98.120003,98.599998,99.400002,97.860001,98.120003,479979
10/1/2020,98.800003,98.260002,99.379997,94.339996,98.800003,566820
10/2/2020,98.5,97.660004,98.800003,96.480003,98.5,469760
10/5/2020,98.279999,99,99.32,96.019997,98.279999,288237
10/6/2020,99,98.400002,99.940002,97.980003,99,392008
10/7/2020,98.519997,99.099998,99.540001,97.760002,98.519997,334803
10/8/2020,95.300003,98.940002,99.919998,95.300003,95.300003,434962
10/9/2020,98.800003,96.379997,98.800003,94.660004,98.800003,382783
10/12/2020,99.040001,98.980003,99.18,98.160004,99.040001,288268
10/13/2020,99.199997,99.18,99.199997,97.239998,99.199997,279624
10/14/2020,103.849998,99.199997,103.949997,99.199997,103.849998,761681
10/15/2020,101.349998,103.449997,103.849998,101.199997,101.349998,473230
10/16/2020,103.599998,102,104.849998,102,103.599998,442004
10/19/2020,100.400002,103.699997,104.050003,99.940002,100.400002,375344
10/20/2020,98.419998,100.550003,102.150002,98.220001,98.419998,376952
10/21/2020,94.5,97.339996,97.440002,94.5,94.5,579828
10/22/2020,92.480003,93.800003,96.18,92.480003,92.480003,495154
10/23/2020,91.660004,93,93.879997,90.599998,91.660004,549967
10/26/2020,92.599998,91.419998,93.360001,90.760002,92.599998,508705
10/27/2020,95.720001,94.5,95.900002,93.019997,95.720001,629302
10/28/2020,97.32,97.199997,101.150002,95.620003,97.32,1105819
10/29/2020,100.25,98.139999,102.099998,97.660004,100.25,981162
10/30/2020,98.779999,99.5,100.150002,96.839996,98.779999,907471
11/2/2020,96.860001,98.5,100.25,96.860001,96.860001,734455
11/3/2020,98.559998,97.419998,99,96.5,98.559998,606695
11/4/2020,106.25,98.660004,106.25,98.660004,106.25,910328
11/5/2020,114.800003,106.199997,115.300003,106.199997,114.800003,958980
11/6/2020,112.349998,114,114,110.5,112.349998,830508
11/9/2020,105.800003,113.75,116.650002,101.75,105.800003,1419038
11/10/2020,107.150002,103.550003,110.25,95.68,107.150002,2067646
11/11/2020,105,107.300003,109.849998,104,105,915422
11/12/2020,105.900002,105.449997,108.550003,104.550003,105.900002,636801
11/13/2020,99,106,107.449997,91,99,2911189
11/16/2020,96.260002,99.199997,101.400002,96.18,96.260002,1460612
11/17/2020,95.620003,96.019997,98.660004,95.360001,95.620003,631238
11/18/2020,95.919998,95.379997,96.260002,94.360001,95.919998,647865
11/19/2020,99.5,96.260002,99.800003,96.019997,99.5,589282
11/20/2020,101.099998,99.540001,101.75,99.220001,101.099998,561111
11/23/2020,96.599998,100.949997,100.949997,96.599998,96.599998,741408
11/24/2020,94.959999,97.919998,99.339996,94.959999,94.959999,820258
11/25/2020,96.940002,95.040001,98.519997,94.760002,96.940002,757963
11/26/2020,98.18,94.879997,98.18,94.5,98.18,486817
11/27/2020,99,98.540001,99.120003,96.959999,99,493825
11/30/2020,101.25,99,101.800003,98.440002,101.25,1269592
12/1/2020,99.480003,101.800003,102,99,99.480003,476656
12/2/2020,98.839996,99.32,100.050003,97.379997,98.839996,494711
12/3/2020,99.260002,99.040001,101.099998,98.919998,99.260002,546156
12/4/2020,99.760002,99.5,100.800003,97.459999,99.760002,463745
12/7/2020,100.099998,99.559998,101.599998,99.279999,100.099998,446291
12/8/2020,98.5,101,101.099998,98.419998,98.5,500768
12/9/2020,105.099998,98.5,105.099998,98.279999,105.099998,968150
12/10/2020,108.300003,105.099998,108.449997,104.050003,108.300003,751705
12/11/2020,109.5,108.599998,111.550003,107.599998,109.5,756164
12/14/2020,114.650002,110.050003,114.650002,109.449997,114.650002,850875
12/15/2020,112,114.650002,114.900002,111.849998,112,562534
12/16/2020,118.349998,112,118.349998,112,118.349998,858903
12/17/2020,119.550003,118.349998,120.449997,117.550003,119.550003,580245
12/18/2020,119,119.300003,121.349998,118.25,119,939048
12/21/2020,118.800003,117.800003,120.800003,116.599998,118.800003,515063
12/22/2020,119.099998,119.400002,119.900002,117.099998,119.099998,345384
12/23/2020,118.449997,119.099998,119.599998,117.050003,118.449997,293680
12/28/2020,129.25,119,132.100006,119,129.25,957349
12/29/2020,125.5,129.5,129.649994,123.650002,125.5,525696
12/30/2020,127,125.949997,127.449997,125.900002,127,241737
1/4/2021,136.550003,128.899994,137.399994,128.699997,136.550003,884186
1/5/2021,144.100006,135.5,145.399994,133.199997,144.100006,1006999
1/6/2021,138.350006,144.649994,144.649994,138.149994,138.350006,672157
1/7/2021,134.399994,134,138.199997,133.350006,134.399994,1260059
1/8/2021,135.550003,135,138.149994,133.050003,135.550003,730508
1/11/2021,132.350006,134.800003,137.050003,131.399994,132.350006,864670
1/12/2021,133.949997,133.5,135.050003,130.25,133.949997,716040
1/13/2021,129,134.75,135.5,128.550003,129,988577
1/14/2021,128.300003,129.550003,130.050003,126.550003,128.300003,753961
1/15/2021,126.949997,127.949997,130.050003,126.650002,126.949997,742369
1/18/2021,130.050003,126.050003,130.5,126.050003,130.050003,436711
1/19/2021,129.850006,132,132.399994,128.75,129.850006,561218
1/20/2021,131.149994,130.5,132.300003,130.149994,131.149994,494937
1/21/2021,135.850006,131.649994,136.149994,131.550003,135.850006,564474
1/22/2021,137.199997,135,137.25,133.949997,137.199997,497039
1/25/2021,137.75,138,140.649994,137,137.75,742960
1/26/2021,133.5,137.5,138,133.350006,133.5,494540
1/27/2021,127.150002,133.300003,134,123.449997,127.150002,1348041
1/28/2021,125.650002,125.5,126.050003,121.400002,125.650002,623763
1/29/2021,125.5,125.099998,127.900002,123.349998,125.5,686469
2/1/2021,125.400002,126.5,127.75,124.699997,125.400002,625594
2/2/2021,128.649994,126.849998,130.149994,125.800003,128.649994,618039
2/3/2021,131.649994,129.399994,131.649994,128.25,131.649994,517666
2/4/2021,129.550003,132,132.050003,127.25,129.550003,772274
2/5/2021,131.800003,131.199997,133.600006,130.850006,131.800003,435891
2/8/2021,129.800003,132.25,133,129.25,129.800003,425939
2/9/2021,133.300003,129.399994,133.850006,128.550003,133.300003,510255
2/10/2021,129.350006,133.449997,134.449997,127.400002,129.350006,514421
2/11/2021,131,129.800003,131.550003,128.25,131,279105
2/12/2021,131.699997,131.050003,132.25,129.300003,131.699997,321992
2/15/2021,130.800003,133,133.100006,129.800003,130.800003,323593
2/16/2021,129.199997,131.949997,132.850006,129,129.199997,437560
2/17/2021,124,128.449997,128.75,124,124,676709
2/18/2021,121.800003,124,125.849998,121.599998,121.800003,498132
2/19/2021,121.699997,122.849998,124.5,121.099998,121.699997,650226
2/22/2021,113.449997,120.5,120.5,113.449997,113.449997,929674
2/23/2021,112.5,112.599998,113.400002,106.75,112.5,1001255
2/24/2021,109.099998,112.300003,113.150002,107.949997,109.099998,644418
2/25/2021,108.449997,106.900002,109.599998,106.099998,108.449997,847834
2/26/2021,105.699997,105.800003,107.199997,104.800003,105.699997,734844
3/1/2021,108.400002,107.5,109.099998,105.449997,108.400002,751684
3/2/2021,105.949997,108.949997,109.199997,105.5,105.949997,586866
3/3/2021,101.949997,107,107.400002,100.650002,101.949997,836421
3/4/2021,103.349998,101.150002,103.900002,100.800003,103.349998,927913
3/5/2021,103.099998,103,106.75,101.800003,103.099998,1027697
3/8/2021,102.349998,102.75,104,100.050003,102.349998,884317
3/9/2021,107.099998,102.199997,107.800003,100.800003,107.099998,1227676
3/10/2021,103.849998,109,109.300003,103.550003,103.849998,1180996
3/11/2021,107.900002,104.400002,108.349998,103.699997,107.900002,722288
3/12/2021,103.800003,108.550003,109,102.849998,103.800003,639766
3/15/2021,104.800003,103.800003,104.800003,102.099998,104.800003,476677
3/16/2021,108,105.599998,110.300003,104.699997,108,745876
3/17/2021,104.550003,108.25,108.25,103.75,104.550003,614501
3/18/2021,105.5,105.400002,108.349998,104.599998,105.5,733757
3/19/2021,110.25,104.699997,110.25,104.5,110.25,2522920
3/22/2021,111.900002,111,112,108.949997,111.900002,724950
3/23/2021,112.5,112.150002,113.650002,110.150002,112.5,650301
3/24/2021,109.25,112.949997,113.25,109.25,109.25,571293
3/25/2021,107.400002,108.5,108.599998,105.599998,107.400002,635767
3/26/2021,111,107.300003,111.150002,106.849998,111,438514
3/29/2021,108.199997,111,111.5,107.599998,108.199997,689833
3/30/2021,109.449997,108.5,110.5,108.050003,109.449997,565902
3/31/2021,110.5,109.699997,111.699997,107,110.5,838442
4/1/2021,114.75,113.75,115.949997,113.099998,114.75,680168
4/6/2021,113.349998,116.400002,116.5,112.349998,113.349998,442245
4/7/2021,113.900002,113,114.800003,111.849998,113.900002,483032
4/8/2021,116.75,115,117.199997,114.900002,116.75,482392
4/9/2021,119.800003,117.650002,120.699997,116.150002,119.800003,559249
4/12/2021,120.25,119.349998,120.650002,118.300003,120.25,554950
4/13/2021,124.25,120.599998,126.5,120.25,124.25,662294
4/14/2021,124.900002,124.349998,125.900002,123.849998,124.900002,495448
4/15/2021,127,124.699997,127.949997,124.300003,127,481446
4/16/2021,128.449997,127.650002,130.399994,127,128.449997,692741
4/19/2021,130.949997,128.100006,131.800003,127.849998,130.949997,539021
4/20/2021,128.75,131,131.75,128.449997,128.75,638282
4/21/2021,126.849998,128.949997,130.399994,125.900002,126.849998,507947
4/22/2021,128.149994,126.849998,128.699997,126.199997,128.149994,508338
4/23/2021,129.949997,126.949997,130.149994,126.900002,129.949997,263590
4/26/2021,130.649994,129.649994,131.050003,128.350006,130.649994,450362
4/27/2021,128.050003,130.300003,131,127.75,128.050003,497171
4/28/2021,140.050003,126.25,141.949997,125.400002,140.050003,1387485
4/29/2021,135.75,140.800003,141.850006,132.850006,135.75,841907
4/30/2021,132.050003,135.850006,136.350006,131.550003,132.050003,672841
5/3/2021,131.800003,131.949997,133.100006,130.75,131.800003,336067
5/4/2021,127.900002,131.649994,132.199997,127.300003,127.900002,580443
5/5/2021,122.5,122,123.75,121,122.5,1338589
5/6/2021,120.849998,122.849998,123.050003,120.099998,120.849998,813882
5/7/2021,125.25,120.550003,125.400002,120.050003,125.25,784913
5/10/2021,117.550003,124.599998,124.949997,117.150002,117.550003,573051
5/11/2021,113.949997,113.449997,114.699997,112.75,113.949997,879453
5/12/2021,106.900002,113.650002,115.849998,106.25,106.900002,1261956
5/13/2021,106.699997,106.449997,107.599998,104.199997,106.699997,741442
5/14/2021,104.75,107.400002,108.550003,102.400002,104.75,1013925
5/17/2021,103.349998,104.400002,106.099998,102.699997,103.349998,653387
5/18/2021,105.900002,103.650002,109.699997,102.75,105.900002,1280564
